Desired Curve,0,0.08,0.16,0.24,0.32,0.4,0.48,0.56,0.64,0.72,0.8,0.74,0.68,0.62,0.56,0.5,0.44,0.38,0.32,0.26,0.2,0.22,0.24,0.26,0.28,0.3,0.32,0.34,0.36,0.38,0.4,0.39,0.38,0.37,0.36,0.35,0.34,0.33,0.32,0.31,0.3,0.32,0.34,0.36,0.38,0.4,0.42,0.44,0.46,0.48,0.5,0.49,0.48,0.47,0.46,0.45,0.44,0.43,0.42,0.41,0.4,0.45,0.5,0.55,0.6,0.65,0.7,0.75,0.8,0.85,0.9,0.82,0.74,0.66,0.58,0.5,0.42,0.34,0.26,0.18,0.1,0.14,0.18,0.22,0.26,0.3,0.34,0.38,0.42,0.46,0.5,0.46,0.42,0.38,0.34,0.3,0.26,0.22,0.18,0.14
,,,,,,,,,,,,,,,,,,,,,,,,,,,,,,,,,,,,,,,,,,,,,,,,,,,,,,,,,,,,,,,,,,,,,,,,,,,,,,,,,,,,,,,,,,,,,,,,,,,,
,,,,,,,,,,,,,,,,,,,,,,,,,,,,,,,,,,,,,,,,,,,,,,,,,,,,,,,,,,,,,,,,,,,,,,,,,,,,,,,,,,,,,,,,,,,,,,,,,,,,
Generation,1,,,,,,,,,,,,,,,,,,,,,,,,,,,,,,,,,,,,,,,,,,,,,,,,,,,,,,,,,,,,,,,,,,,,,,,,,,,,,,,,,,,,,,,,,,,,,,,,,,,
ACTIONS,,,,,,,,,,,,,,,,,,,,,,,,,,,,,,,,,,,,,,,,,,,,,,,,,,,,,,,,,,,,,,,,,,,,,,,,,,,,,,,,,,,,,,,,,,,,,,,,,,,,
ACTIONS,0.5,0.6,,,,,,,,,,,,,,,,,,,,,,,,,,,,,,,,,,,,,,,,,,,,,,,,,,,,,,,,,,,,,,,,,,,,,,,,,,,,,,,,,,,,,,,,,,,,,,,,,,
ACTIONS,0.5,0.6,0.5,,,,,,,,,,,,,,,,,,,,,,,,,,,,,,,,,,,,,,,,,,,,,,,,,,,,,,,,,,,,,,,,,,,,,,,,,,,,,,,,,,,,,,,,,,,,,,,,,
ACTIONS,0.5,0.5,0.5,0.5,0.8,0.9,0.5,0.7,0.6,0.55,0.5,0.5,0.6,0.4,0.5,0.5,0.3,0.4,0.5,0.5,0.5,0.5,,,,,,,,,,,,,,,,,,,,,,,,,,,,,,,,,,,,,,,,,,,,,,,,,,,,,,,,,,,,,,,,,,,,,,,,,,,,,,
ACTIONS,,,,,,,,,,,,,,,,,,,,,,,,,,,,,,,,,,,,,,,,,,,,,,,,,,,,,,,,,,,,,,,,,,,,,,,,,,,,,,,,,,,,,,,,,,,,,,,,,,,,
ACTIONS,0.6,0.7,0.8,0.5,0.8,0.7,0.6,0.5,0.5,0.6,0.4,0.5,0.5,0.4,0.5,0.5,0.5,0.5,0.5,0.5,0.5,0.5,0.5,0.5,,,,,,,,,,,,,,,,,,,,,,,,,,,,,,,,,,,,,,,,,,,,,,,,,,,,,,,,,,,,,,,,,,,,,,,,,,,,
ACTIONS,0.6,0.7,0.7,0.5,,,,,,,,,,,,,,,,,,,,,,,,,,,,,,,,,,,,,,,,,,,,,,,,,,,,,,,,,,,,,,,,,,,,,,,,,,,,,,,,,,,,,,,,,,,,,,,,
ACTIONS,0.6,0.65,0.5,0.5,0.9,0.6,0.5,0.5,0.4,,,,,,,,,,,,,,,,,,,,,,,,,,,,,,,,,,,,,,,,,,,,,,,,,,,,,,,,,,,,,,,,,,,,,,,,,,,,,,,,,,,,,,,,,,,
ACTIONS,0.6,0.5,0.5,0.9,0.8,0.5,0.5,0.5,0.4,0.5,0.4,0.6,0.6,0.5,,,,,,,,,,,,,,,,,,,,,,,,,,,,,,,,,,,,,,,,,,,,,,,,,,,,,,,,,,,,,,,,,,,,,,,,,,,,,,,,,,,,,,
ACTIONS,0.6,0.7,0.5,0.5,0.8,0.7,0.5,0.6,,,,,,,,,,,,,,,,,,,,,,,,,,,,,,,,,,,,,,,,,,,,,,,,,,,,,,,,,,,,,,,,,,,,,,,,,,,,,,,,,,,,,,,,,,,,
,,,,,,,,,,,,,,,,,,,,,,,,,,,,,,,,,,,,,,,,,,,,,,,,,,,,,,,,,,,,,,,,,,,,,,,,,,,,,,,,,,,,,,,,,,,,,,,,,,,,
,,,,,,,,,,,,,,,,,,,,,,,,,,,,,,,,,,,,,,,,,,,,,,,,,,,,,,,,,,,,,,,,,,,,,,,,,,,,,,,,,,,,,,,,,,,,,,,,,,,,
Generation,2,,,,,,,,,,,,,,,,,,,,,,,,,,,,,,,,,,,,,,,,,,,,,,,,,,,,,,,,,,,,,,,,,,,,,,,,,,,,,,,,,,,,,,,,,,,,,,,,,,,
ACTIONS,0.6,0.7,0.8,0.5,0.5,0.5,0.5,0.5,,,,,,,,,,,,,,,,,,,,,,,,,,,,,,,,,,,,,,,,,,,,,,,,,,,,,,,,,,,,,,,,,,,,,,,,,,,,,,,,,,,,,,,,,,,,
ACTIONS,0.6,0.7,0.5,0.9,0.8,0.65,0.65,0.75,0.5,0.5,0.5,0,0.5,0.2,0.5,0.6,0.5,0.5,0.5,0.5,0.5,,,,,,,,,,,,,,,,,,,,,,,,,,,,,,,,,,,,,,,,,,,,,,,,,,,,,,,,,,,,,,,,,,,,,,,,,,,,,,,
ACTIONS,0.6,0.7,0.5,1,0.9,0.8,0.5,0.5,0.3,0.3,0.5,0.5,0.5,0.5,0.5,0.5,0.4,,,,,,,,,,,,,,,,,,,,,,,,,,,,,,,,,,,,,,,,,,,,,,,,,,,,,,,,,,,,,,,,,,,,,,,,,,,,,,,,,,,
ACTIONS,,,,,,,,,,,,,,,,,,,,,,,,,,,,,,,,,,,,,,,,,,,,,,,,,,,,,,,,,,,,,,,,,,,,,,,,,,,,,,,,,,,,,,,,,,,,,,,,,,,,
ACTIONS,0.5,0.5,0.6,0.7,0.8,0.5,0.5,0.5,0.5,0.5,0.2,0.5,,,,,,,,,,,,,,,,,,,,,,,,,,,,,,,,,,,,,,,,,,,,,,,,,,,,,,,,,,,,,,,,,,,,,,,,,,,,,,,,,,,,,,,,
ACTIONS,0.6,0.65,0.5,0.5,0.5,0.5,0.5,0.09999999,,,,,,,,,,,,,,,,,,,,,,,,,,,,,,,,,,,,,,,,,,,,,,,,,,,,,,,,,,,,,,,,,,,,,,,,,,,,,,,,,,,,,,,,,,,,
ACTIONS,0.6,0.5,0.5,1,,,,,,,,,,,,,,,,,,,,,,,,,,,,,,,,,,,,,,,,,,,,,,,,,,,,,,,,,,,,,,,,,,,,,,,,,,,,,,,,,,,,,,,,,,,,,,,,
ACTIONS,0.5,0.5,0.5,0.5,0.5,0.5,0.5,0.5,0.5,0.5,0.5,0.5,0.5,0.5,0.5,0.5,0.5,0.5,0.5,0.5,0.5,0.5,0.5,0.5,0.5,0.5,0.5,0.5,0.5,0.5,0.5,0.5,0.5,0.5,,,,,,,,,,,,,,,,,,,,,,,,,,,,,,,,,,,,,,,,,,,,,,,,,,,,,,,,,,,,,,,,,,
ACTIONS,,,,,,,,,,,,,,,,,,,,,,,,,,,,,,,,,,,,,,,,,,,,,,,,,,,,,,,,,,,,,,,,,,,,,,,,,,,,,,,,,,,,,,,,,,,,,,,,,,,,
ACTIONS,,,,,,,,,,,,,,,,,,,,,,,,,,,,,,,,,,,,,,,,,,,,,,,,,,,,,,,,,,,,,,,,,,,,,,,,,,,,,,,,,,,,,,,,,,,,,,,,,,,,
,,,,,,,,,,,,,,,,,,,,,,,,,,,,,,,,,,,,,,,,,,,,,,,,,,,,,,,,,,,,,,,,,,,,,,,,,,,,,,,,,,,,,,,,,,,,,,,,,,,,
,,,,,,,,,,,,,,,,,,,,,,,,,,,,,,,,,,,,,,,,,,,,,,,,,,,,,,,,,,,,,,,,,,,,,,,,,,,,,,,,,,,,,,,,,,,,,,,,,,,,
Generation,3,,,,,,,,,,,,,,,,,,,,,,,,,,,,,,,,,,,,,,,,,,,,,,,,,,,,,,,,,,,,,,,,,,,,,,,,,,,,,,,,,,,,,,,,,,,,,,,,,,,
ACTIONS,,,,,,,,,,,,,,,,,,,,,,,,,,,,,,,,,,,,,,,,,,,,,,,,,,,,,,,,,,,,,,,,,,,,,,,,,,,,,,,,,,,,,,,,,,,,,,,,,,,,
ACTIONS,0.6,0.7,0.5,0.5,0.8,0.5,0.2,0.45,0.55,0.65,0.5,0.7,,,,,,,,,,,,,,,,,,,,,,,,,,,,,,,,,,,,,,,,,,,,,,,,,,,,,,,,,,,,,,,,,,,,,,,,,,,,,,,,,,,,,,,,
ACTIONS,0.5,0.5,0.5,0.6,0.7,0.8,0.5,0.5,0.7,0.6,0.45,0.5,0.5,0.6,0.5,0.5,0.5,0.5,,,,,,,,,,,,,,,,,,,,,,,,,,,,,,,,,,,,,,,,,,,,,,,,,,,,,,,,,,,,,,,,,,,,,,,,,,,,,,,,,,
ACTIONS,0.5,0.6,0.7,0.8,0.5,0.5,0.5,0.4,0.3,0.4,0.6,0.5,0.7,0.6,0.5,0.4,0.6,0.5,0.5,0.5,0.5,0.5,0.2,0.4,0.5,0.5,0.5,0.5,0.5,0.5,0.5,0.5,0.5,0.5,0.5,0.5,0.5,0.5,0.5,0.5,0.5,0.5,0.5,0.5,0.5,,,,,,,,,,,,,,,,,,,,,,,,,,,,,,,,,,,,,,,,,,,,,,,,,,,,,,,
ACTIONS,0.6,0.7,0.8,,,,,,,,,,,,,,,,,,,,,,,,,,,,,,,,,,,,,,,,,,,,,,,,,,,,,,,,,,,,,,,,,,,,,,,,,,,,,,,,,,,,,,,,,,,,,,,,,
ACTIONS,0.6,0.7,0.8,0.5,0.8,0.7,0.6,0.5,0.6,0.5,0.5,0.5,0.5,0.5,0.5,0.5,0.5,0.6,0.7,0.8,0.75,0.5,0.5,0.7,0.4,0.1,0.45,0.5,0.5,0.5,0.3,0,0.2,0.5,0.5,0.5,0.4,0.3,0.4,0.5,0.5,0.6,0.5,0.4,0.5,0.65,0.5,0.5,0.5,0.5,0,0.09999996,0.3,0.5,0.5,,,,,,,,,,,,,,,,,,,,,,,,,,,,,,,,,,,,,,,,,,,,,
ACTIONS,0.5,0.5,0.6,0.65,0.75,0.5,0.5,0.65,0.45,0.55,0.7,0.7,0.7,0.7,0.5,0.5,0,0,0,0.5,0.5,0.5,0.5,0.2,0.3,0.5,0.6,0.65,0.5,0.5,0.5,0.5,0,0.2,0.5,,,,,,,,,,,,,,,,,,,,,,,,,,,,,,,,,,,,,,,,,,,,,,,,,,,,,,,,,,,,,,,,,
ACTIONS,,,,,,,,,,,,,,,,,,,,,,,,,,,,,,,,,,,,,,,,,,,,,,,,,,,,,,,,,,,,,,,,,,,,,,,,,,,,,,,,,,,,,,,,,,,,,,,,,,,,
ACTIONS,0.6,0.7,0.8,0.5,0.5,0.5,0.5,0.5,0.5,0.5,0.5,0.5,0.5,0.5,0.5,0.5,0.5,0.5,0.5,0.5,0.5,0.5,0.6,0.7,0.8,0.75,0.85,,,,,,,,,,,,,,,,,,,,,,,,,,,,,,,,,,,,,,,,,,,,,,,,,,,,,,,,,,,,,,,,,,,,,,,,,
ACTIONS,0.5,0.6,0.7,0.8,0.5,0.5,0.5,0.5,0.2,0.5,0.5,0.5,0.5,0.5,0.5,0.5,0.4,0.65,0.75,1.3,1.2,0.9,0.6,,,,,,,,,,,,,,,,,,,,,,,,,,,,,,,,,,,,,,,,,,,,,,,,,,,,,,,,,,,,,,,,,,,,,,,,,,,,,
,,,,,,,,,,,,,,,,,,,,,,,,,,,,,,,,,,,,,,,,,,,,,,,,,,,,,,,,,,,,,,,,,,,,,,,,,,,,,,,,,,,,,,,,,,,,,,,,,,,,
,,,,,,,,,,,,,,,,,,,,,,,,,,,,,,,,,,,,,,,,,,,,,,,,,,,,,,,,,,,,,,,,,,,,,,,,,,,,,,,,,,,,,,,,,,,,,,,,,,,,
Generation,4,,,,,,,,,,,,,,,,,,,,,,,,,,,,,,,,,,,,,,,,,,,,,,,,,,,,,,,,,,,,,,,,,,,,,,,,,,,,,,,,,,,,,,,,,,,,,,,,,,,
ACTIONS,0.5,0.5,,,,,,,,,,,,,,,,,,,,,,,,,,,,,,,,,,,,,,,,,,,,,,,,,,,,,,,,,,,,,,,,,,,,,,,,,,,,,,,,,,,,,,,,,,,,,,,,,,
ACTIONS,0.5,0.6,0.7,0.8,0.9,1,0.5,0.6,0.5,0.5,0.5,0,0,0.2,0.5,0.5,0.7,0.6,0.5,0.5,0.5,0.45,0.4,0.55,0.5,0.5,,,,,,,,,,,,,,,,,,,,,,,,,,,,,,,,,,,,,,,,,,,,,,,,,,,,,,,,,,,,,,,,,,,,,,,,,,
ACTIONS,0.5,0.5,0.5,0.5,0.6,,,,,,,,,,,,,,,,,,,,,,,,,,,,,,,,,,,,,,,,,,,,,,,,,,,,,,,,,,,,,,,,,,,,,,,,,,,,,,,,,,,,,,,,,,,,,,,
ACTIONS,0.5,,,,,,,,,,,,,,,,,,,,,,,,,,,,,,,,,,,,,,,,,,,,,,,,,,,,,,,,,,,,,,,,,,,,,,,,,,,,,,,,,,,,,,,,,,,,,,,,,,,
ACTIONS,0.5,0.6,0.7,0.5,0.5,0.5,0.5,0.5,0.5,0.5,0.7,0.5,0.5,0.6,0.5,0.4,0.6,0.5,0.5,0.5,0.3,0.2,0.5,0.5,0.5,0.8,0.5,0.2,0.5,0.5,0.5,0.6,0.3,0.5,0.5,0.4,0.5,0.4,0.5,0.5,0.6,,,,,,,,,,,,,,,,,,,,,,,,,,,,,,,,,,,,,,,,,,,,,,,,,,,,,,,,,,,
ACTIONS,0.5,0.5,0.5,0.5,0.5,0.5,0.5,0.5,0.5,0.5,0.5,0.5,0.5,0.5,0.5,0.4,0.5,0.6,0.5,0.5,0.5,,,,,,,,,,,,,,,,,,,,,,,,,,,,,,,,,,,,,,,,,,,,,,,,,,,,,,,,,,,,,,,,,,,,,,,,,,,,,,,
ACTIONS,0.5,0.6,0.7,0.8,0.5,0.5,0.5,0.5,0.2,0.5,,,,,,,,,,,,,,,,,,,,,,,,,,,,,,,,,,,,,,,,,,,,,,,,,,,,,,,,,,,,,,,,,,,,,,,,,,,,,,,,,,,,,,,,,,
ACTIONS,0.5,0.6,0.7,0.7,0.8,0.5,0.5,0.6,0.3,0,0.4,0.5,0.5,0.7,0.4,0.1,0.3,0.5,0.5,0.6,0.5,0.5,0.5,0.5,0.5,0.4,0.5,0.5,0.5,0.4,0.3,0.4,0.5,0.5,0.5,0.5,0.09999999,,,,,,,,,,,,,,,,,,,,,,,,,,,,,,,,,,,,,,,,,,,,,,,,,,,,,,,,,,,,,,,
ACTIONS,0.6,0.7,0.7,,,,,,,,,,,,,,,,,,,,,,,,,,,,,,,,,,,,,,,,,,,,,,,,,,,,,,,,,,,,,,,,,,,,,,,,,,,,,,,,,,,,,,,,,,,,,,,,,
ACTIONS,,,,,,,,,,,,,,,,,,,,,,,,,,,,,,,,,,,,,,,,,,,,,,,,,,,,,,,,,,,,,,,,,,,,,,,,,,,,,,,,,,,,,,,,,,,,,,,,,,,,
,,,,,,,,,,,,,,,,,,,,,,,,,,,,,,,,,,,,,,,,,,,,,,,,,,,,,,,,,,,,,,,,,,,,,,,,,,,,,,,,,,,,,,,,,,,,,,,,,,,,
,,,,,,,,,,,,,,,,,,,,,,,,,,,,,,,,,,,,,,,,,,,,,,,,,,,,,,,,,,,,,,,,,,,,,,,,,,,,,,,,,,,,,,,,,,,,,,,,,,,,
Generation,5,,,,,,,,,,,,,,,,,,,,,,,,,,,,,,,,,,,,,,,,,,,,,,,,,,,,,,,,,,,,,,,,,,,,,,,,,,,,,,,,,,,,,,,,,,,,,,,,,,,
ACTIONS,0.5,0.6,0.7,0.8,0.75,0.5,0.5,0.5,0.5,0.5,0,0.5,0.5,0.5,0.5,0.4,0.5,0.5,0.8,0.8,0.7,0.6,0.5,0.5,0.5,0.4,0.09999996,0.3,0.5,0.5,0.5,0.4,0.3,0.4,0.5,0.5,0.5,0.5,0.2,0.3,0.5,0.5,0.5,0.4,0.3,0.4,0.6,0.5,0.7,0.6,0.5,,,,,,,,,,,,,,,,,,,,,,,,,,,,,,,,,,,,,,,,,,,,,,,,,
ACTIONS,0.6,,,,,,,,,,,,,,,,,,,,,,,,,,,,,,,,,,,,,,,,,,,,,,,,,,,,,,,,,,,,,,,,,,,,,,,,,,,,,,,,,,,,,,,,,,,,,,,,,,,
ACTIONS,0.5,0.6,,,,,,,,,,,,,,,,,,,,,,,,,,,,,,,,,,,,,,,,,,,,,,,,,,,,,,,,,,,,,,,,,,,,,,,,,,,,,,,,,,,,,,,,,,,,,,,,,,
ACTIONS,0.6,0.7,0.8,0.9,0.5,0.5,0.5,0.5,0.5,0.09999999,0.5,0.5,0.5,0.5,0.5,0.5,0.5,,,,,,,,,,,,,,,,,,,,,,,,,,,,,,,,,,,,,,,,,,,,,,,,,,,,,,,,,,,,,,,,,,,,,,,,,,,,,,,,,,,
ACTIONS,0.5,0.5,0.5,0.5,0.5,0.5,0.5,0.5,0.5,0.5,0.5,0.5,0.5,0.5,0.5,0.5,0.5,0.5,0.5,0.5,0.5,0.5,0.5,0.5,0.5,0.5,0.5,0.5,0.5,0.5,0.5,0.5,0.5,0.5,0.5,0.5,0.5,0.5,0.5,0.5,0.5,0.5,,,,,,,,,,,,,,,,,,,,,,,,,,,,,,,,,,,,,,,,,,,,,,,,,,,,,,,,,,
ACTIONS,0.5,0.6,0.7,0.8,0.5,0.5,0.6,0.3,0,0.09999999,0.5,0.5,0.5,0.4,0.3,0.5,0.5,0.6,0.6,0.55,0.55,0.7,0.75,0.8,0.75,0.5,0.5,0.5,0.5,0.5,0,0.3,0.6,0.9,0.5,0.7,0.6,0.5,0.5,0.65,0.7,0.75,0.8,0.75,0.5,0.5,0.5,0.5,0,0,0.5,0.8,0.9,,,,,,,,,,,,,,,,,,,,,,,,,,,,,,,,,,,,,,,,,,,,,,,
ACTIONS,0.5,0.6,0.7,0.8,0.5,0.8,0.7,0.6,0.5,0.6,0.5,0.5,0.5,0.5,0.5,0.5,0.5,0.5,0.5,,,,,,,,,,,,,,,,,,,,,,,,,,,,,,,,,,,,,,,,,,,,,,,,,,,,,,,,,,,,,,,,,,,,,,,,,,,,,,,,,
ACTIONS,0.5,0.5,0.6,0.7,0.8,0.5,0.8,0.7,0.6,0.6,0.7,0.5,0.5,0.5,0.5,0.5,0,,,,,,,,,,,,,,,,,,,,,,,,,,,,,,,,,,,,,,,,,,,,,,,,,,,,,,,,,,,,,,,,,,,,,,,,,,,,,,,,,,,
ACTIONS,0.5,,,,,,,,,,,,,,,,,,,,,,,,,,,,,,,,,,,,,,,,,,,,,,,,,,,,,,,,,,,,,,,,,,,,,,,,,,,,,,,,,,,,,,,,,,,,,,,,,,,
ACTIONS,0.6,0.7,0.7,0.8,0.5,1,0.7,0.4,0.09999999,0.5,0.5,0.5,,,,,,,,,,,,,,,,,,,,,,,,,,,,,,,,,,,,,,,,,,,,,,,,,,,,,,,,,,,,,,,,,,,,,,,,,,,,,,,,,,,,,,,,
,,,,,,,,,,,,,,,,,,,,,,,,,,,,,,,,,,,,,,,,,,,,,,,,,,,,,,,,,,,,,,,,,,,,,,,,,,,,,,,,,,,,,,,,,,,,,,,,,,,,
,,,,,,,,,,,,,,,,,,,,,,,,,,,,,,,,,,,,,,,,,,,,,,,,,,,,,,,,,,,,,,,,,,,,,,,,,,,,,,,,,,,,,,,,,,,,,,,,,,,,
Generation,6,,,,,,,,,,,,,,,,,,,,,,,,,,,,,,,,,,,,,,,,,,,,,,,,,,,,,,,,,,,,,,,,,,,,,,,,,,,,,,,,,,,,,,,,,,,,,,,,,,,
ACTIONS,0.6,0.7,0.7,0.5,1,0.9,0.5,0.5,0.3,0.3,0.4,0.5,0.7,0.7,0.6,0.5,0.5,0.4,0.3,0.5,0.5,0.5,0.4,0.5,0.4,0.6,0.6,0.7,0.7,0.5,0.7,0.7,0.4,0.4,0.5,0.5,0.5,0.3,0,0.4,0.55,0.5,0.5,0.5,0.2,0,0.5,,,,,,,,,,,,,,,,,,,,,,,,,,,,,,,,,,,,,,,,,,,,,,,,,,,,,
ACTIONS,0.6,0.7,0.7,0.5,1,0.9,0.6,0.5,0.7,0.7,0.6,0.5,0.3,0.3,0.2,0.35,0.5,0.5,0.6,0.55,0.45,0.7,0.7,0.6,0.6,0.5,0.5,0.2,0.35,0.35,0.5,0.5,0.5,0.4,0.5,0.5,0.4,0.5,0.5,0.6,0.6,0.65,0.5,0.5,0.4,0.2,0.5,0.5,0.4,0.5,0.5,0.5,0.5,0.55,0.65,0.9,0.9,0.7,0.55,0.45,0.5,0.5,0.4,0.3,0.35,0.5,0.5,0.6,0.6,0.5,0.5,,,,,,,,,,,,,,,,,,,,,,,,,,,,,
ACTIONS,0.6,0.7,0.7,,,,,,,,,,,,,,,,,,,,,,,,,,,,,,,,,,,,,,,,,,,,,,,,,,,,,,,,,,,,,,,,,,,,,,,,,,,,,,,,,,,,,,,,,,,,,,,,,
ACTIONS,0.5,0.5,0.5,0.6,0.7,0.5,0.5,0.5,0.5,0.4,0.5,0.5,0.5,0.5,0.5,0.5,0.5,0.3,0.5,0.8,0.9,1,0.9,0.7,0.5,0.5,0.5,0.5,0,0.09999996,0.5,0.7,0.8,0.7,0.6,0.7,0.5,0.5,0.5,0.5,0.5,0.5,0.5,0.5,0.8,0.7,0.8,0.9,0.5,0.5,0.5,0.5,0.09999999,0.3,0.5,0.5,0.5,0.5,0.4,0.5,0.5,0.5,0.6,0.5,0.4,0.5,0.6,0.6,0.6,0.55,0.65,0.7,0.75,0.5,0.5,0.5,0.5,0.5,,,,,,,,,,,,,,,,,,,,,,
ACTIONS,0.5,0.5,0.5,0.5,0.6,0.5,0.5,0.5,0.6,0.5,0.5,0.5,0.5,0.5,0.4,,,,,,,,,,,,,,,,,,,,,,,,,,,,,,,,,,,,,,,,,,,,,,,,,,,,,,,,,,,,,,,,,,,,,,,,,,,,,,,,,,,,,
ACTIONS,0.5,0.5,0.5,0.6,0.5,0.5,0.8,0.7,0.5,0.5,0.5,0.5,0.5,,,,,,,,,,,,,,,,,,,,,,,,,,,,,,,,,,,,,,,,,,,,,,,,,,,,,,,,,,,,,,,,,,,,,,,,,,,,,,,,,,,,,,,
ACTIONS,,,,,,,,,,,,,,,,,,,,,,,,,,,,,,,,,,,,,,,,,,,,,,,,,,,,,,,,,,,,,,,,,,,,,,,,,,,,,,,,,,,,,,,,,,,,,,,,,,,,
ACTIONS,0.6,0.7,0.8,0.75,0.5,0.5,0.7,0.4,0.5,0.5,0.4,,,,,,,,,,,,,,,,,,,,,,,,,,,,,,,,,,,,,,,,,,,,,,,,,,,,,,,,,,,,,,,,,,,,,,,,,,,,,,,,,,,,,,,,,
ACTIONS,0.5,0.5,,,,,,,,,,,,,,,,,,,,,,,,,,,,,,,,,,,,,,,,,,,,,,,,,,,,,,,,,,,,,,,,,,,,,,,,,,,,,,,,,,,,,,,,,,,,,,,,,,
ACTIONS,,,,,,,,,,,,,,,,,,,,,,,,,,,,,,,,,,,,,,,,,,,,,,,,,,,,,,,,,,,,,,,,,,,,,,,,,,,,,,,,,,,,,,,,,,,,,,,,,,,,
,,,,,,,,,,,,,,,,,,,,,,,,,,,,,,,,,,,,,,,,,,,,,,,,,,,,,,,,,,,,,,,,,,,,,,,,,,,,,,,,,,,,,,,,,,,,,,,,,,,,
,,,,,,,,,,,,,,,,,,,,,,,,,,,,,,,,,,,,,,,,,,,,,,,,,,,,,,,,,,,,,,,,,,,,,,,,,,,,,,,,,,,,,,,,,,,,,,,,,,,,
Generation,7,,,,,,,,,,,,,,,,,,,,,,,,,,,,,,,,,,,,,,,,,,,,,,,,,,,,,,,,,,,,,,,,,,,,,,,,,,,,,,,,,,,,,,,,,,,,,,,,,,,
ACTIONS,0.6,0.7,0.8,0.75,0.5,0.9,0.8,0.5,0.5,0.3,0.3,0.5,0.5,0.5,0.4,0.45,0.55,0.5,0.5,0.7,0.5,0.4,0.5,0.65,0.5,0.65,0.55,0.45,0.4,0.6,0.6,0.6,0.5,0.5,0.5,0.5,0.5,0.5,0.5,0.3,0.3,0.3,0.5,0.5,0.5,0.5,0.4,0.5,0.5,0.5,0.5,0.5,0.5,,,,,,,,,,,,,,,,,,,,,,,,,,,,,,,,,,,,,,,,,,,,,,,
ACTIONS,0.6,0.7,0.8,0.5,0.5,0.5,0.5,0.2,0.3,0.5,0.6,0.7,0.6,0.6,0.7,0.75,,,,,,,,,,,,,,,,,,,,,,,,,,,,,,,,,,,,,,,,,,,,,,,,,,,,,,,,,,,,,,,,,,,,,,,,,,,,,,,,,,,,
ACTIONS,0.5,0.5,0.6,0.7,0.8,0.9,0.8,0.8,0.5,0.5,0.5,0.5,0,0.5,0.5,0.5,0.5,,,,,,,,,,,,,,,,,,,,,,,,,,,,,,,,,,,,,,,,,,,,,,,,,,,,,,,,,,,,,,,,,,,,,,,,,,,,,,,,,,,
ACTIONS,0.6,0.7,0.8,0.9,0.5,0.5,0.5,0.4,0.5,0.6,0.6,0.6,0.6,0.7,0.7,0.5,0.5,0.5,0.5,0.5,0.5,0.5,0.4,0.65,0.75,0.85,0.95,0.95,0.5,0.5,0.4,0.35,0.35,0.55,0.5,0.5,0.5,,,,,,,,,,,,,,,,,,,,,,,,,,,,,,,,,,,,,,,,,,,,,,,,,,,,,,,,,,,,,,,
ACTIONS,,,,,,,,,,,,,,,,,,,,,,,,,,,,,,,,,,,,,,,,,,,,,,,,,,,,,,,,,,,,,,,,,,,,,,,,,,,,,,,,,,,,,,,,,,,,,,,,,,,,
ACTIONS,0.5,0.5,0.6,0.5,0.5,0.5,0.5,0.5,0.5,0.5,0.5,0.7,0.7,1,1.1,0.8,0.7,0.7,0.6,0.5,0.5,0.5,0.5,0.5,0.5,0,0,0.5,0.5,0.5,0.5,0.5,0.5,0.5,0.5,0.5,0.5,0.5,0.5,0.5,0.5,0.5,0.6,0.7,0.8,0.9,1,0.5,0.5,0.5,0.5,0.5,0.5,0.5,0.5,0.5,0.5,,,,,,,,,,,,,,,,,,,,,,,,,,,,,,,,,,,,,,,,,,,
ACTIONS,0.5,0.6,0.7,0.8,0.9,0.5,0.7,0.6,0.5,0.5,0.65,0.5,0.5,0.5,0.2,0,0.2,0.5,0.5,0.5,0.4,0.3,0.5,0.5,0.5,0.5,0.4,0.3,0.5,0.7,0.5,0.5,0.4,0.3,0.45,0.6,0.75,0.5,0.5,0.4,0.09999999,0,0.5,0.5,0.5,0.5,0.5,0.5,0.45,0.5,0.5,0.5,0.6,0.3,0.4,0.5,0.5,0.5,0.4,0.3,0.5,0.5,0.5,0.5,0.4,0.09999996,,,,,,,,,,,,,,,,,,,,,,,,,,,,,,,,,,
ACTIONS,0.5,0.5,0.5,0.5,0.5,0.5,0.7,0.8,0.5,0.5,,,,,,,,,,,,,,,,,,,,,,,,,,,,,,,,,,,,,,,,,,,,,,,,,,,,,,,,,,,,,,,,,,,,,,,,,,,,,,,,,,,,,,,,,,
ACTIONS,,,,,,,,,,,,,,,,,,,,,,,,,,,,,,,,,,,,,,,,,,,,,,,,,,,,,,,,,,,,,,,,,,,,,,,,,,,,,,,,,,,,,,,,,,,,,,,,,,,,
ACTIONS,0.5,0.5,0.5,0.5,0.7,0.5,0.5,0.5,0.5,0.5,0.5,0.5,0.5,0.5,0.5,0.5,0.5,0.5,0.5,0.6,0.7,0.5,0.9,0.8,0.7,0.6,0.5,0.5,0.5,0.5,0.4,0.6,0.6,0.65,0.5,0.5,0.4,0.2,0,0.2,0.4,0.5,0.5,0.5,0.2,0.2,0.4,0.6,0.8,0.5,0.5,0.5,0.5,0.5,0.09999999,0.5,0.5,0.5,0.6,0.5,0.6,0.5,0.5,0.5,0.5,0.5,0.5,0.5,0.4,0.7,0.8,0.9,1,0.75,0.5,0.5,0.5,0.3,0.1,0.5,0.5,,,,,,,,,,,,,,,,,,,
,,,,,,,,,,,,,,,,,,,,,,,,,,,,,,,,,,,,,,,,,,,,,,,,,,,,,,,,,,,,,,,,,,,,,,,,,,,,,,,,,,,,,,,,,,,,,,,,,,,,
,,,,,,,,,,,,,,,,,,,,,,,,,,,,,,,,,,,,,,,,,,,,,,,,,,,,,,,,,,,,,,,,,,,,,,,,,,,,,,,,,,,,,,,,,,,,,,,,,,,,
Generation,8,,,,,,,,,,,,,,,,,,,,,,,,,,,,,,,,,,,,,,,,,,,,,,,,,,,,,,,,,,,,,,,,,,,,,,,,,,,,,,,,,,,,,,,,,,,,,,,,,,,
ACTIONS,0.5,0.6,0.7,0.8,0.5,0.5,0.5,0.5,0.2,0.5,0.5,0.5,0.6,0.5,0.6,0.5,0.5,0.5,0.3,0,0.5,0.5,0.5,0.5,0.5,0.3,0.5,0.5,0.5,0.5,0.4,0.5,0.5,,,,,,,,,,,,,,,,,,,,,,,,,,,,,,,,,,,,,,,,,,,,,,,,,,,,,,,,,,,,,,,,,,,
ACTIONS,0.5,0.5,0.5,0.6,0.7,0.5,0.9,0.8,0.65,0.5,0.5,0.5,0.3,0.09999996,0.2,0.6,0.7,0.8,0.7,0.5,0.5,0.4,0.4,0.2,0.5,0.5,0.5,0.5,0.2,0.5,0.5,0.5,0.6,0.3,0.5,0.5,0.5,0.6,0.3,0.5,0.5,0.5,0.6,0.5,0.5,0.5,0.5,0.5,0.4,0.5,0.6,0.6,0.6,0.5,0.6,0.5,0.5,0.5,0.5,0,,,,,,,,,,,,,,,,,,,,,,,,,,,,,,,,,,,,,,,,
ACTIONS,0.5,0.5,0.6,0.7,0.8,0.5,0.5,0.6,0.5,0.4,0.5,0.5,0.5,0.5,0.4,0.5,0.5,0.5,0.5,0.5,0.5,0.5,0.5,0.6,0.7,0.8,0.5,0.8,0.7,0.6,0.5,0.5,0.5,0.5,0.5,0.5,0.5,0.5,0.4,0.7,0.8,,,,,,,,,,,,,,,,,,,,,,,,,,,,,,,,,,,,,,,,,,,,,,,,,,,,,,,,,,,
ACTIONS,0.5,0.6,,,,,,,,,,,,,,,,,,,,,,,,,,,,,,,,,,,,,,,,,,,,,,,,,,,,,,,,,,,,,,,,,,,,,,,,,,,,,,,,,,,,,,,,,,,,,,,,,,
ACTIONS,,,,,,,,,,,,,,,,,,,,,,,,,,,,,,,,,,,,,,,,,,,,,,,,,,,,,,,,,,,,,,,,,,,,,,,,,,,,,,,,,,,,,,,,,,,,,,,,,,,,
ACTIONS,0.5,0.6,0.7,0.8,0.9,0.8,0.5,0.5,0.5,0.2,0,0.5,0.5,0.5,0.5,0.4,0.5,0.6,0.8,,,,,,,,,,,,,,,,,,,,,,,,,,,,,,,,,,,,,,,,,,,,,,,,,,,,,,,,,,,,,,,,,,,,,,,,,,,,,,,,,
ACTIONS,0.5,0.6,0.7,0.8,0.9,1,,,,,,,,,,,,,,,,,,,,,,,,,,,,,,,,,,,,,,,,,,,,,,,,,,,,,,,,,,,,,,,,,,,,,,,,,,,,,,,,,,,,,,,,,,,,,,
ACTIONS,,,,,,,,,,,,,,,,,,,,,,,,,,,,,,,,,,,,,,,,,,,,,,,,,,,,,,,,,,,,,,,,,,,,,,,,,,,,,,,,,,,,,,,,,,,,,,,,,,,,
ACTIONS,0.6,0.65,0.5,0.5,0.5,0.5,0.09999999,0.2,0.5,0.7,0.8,0.7,0.6,0.5,0.5,0.5,0.3,0,0.2,0.5,0.5,0.6,0.5,0.4,0.55,0.5,0.5,0.5,0.5,0,0.09999996,0.3,0.55,0.75,0.85,0.85,0.5,0.5,0.2,0.3,0.5,0.5,0.6,0.55,0.55,0.65,0.65,0.5,0.6,0.45,,,,,,,,,,,,,,,,,,,,,,,,,,,,,,,,,,,,,,,,,,,,,,,,,,
ACTIONS,0.5,,,,,,,,,,,,,,,,,,,,,,,,,,,,,,,,,,,,,,,,,,,,,,,,,,,,,,,,,,,,,,,,,,,,,,,,,,,,,,,,,,,,,,,,,,,,,,,,,,,
,,,,,,,,,,,,,,,,,,,,,,,,,,,,,,,,,,,,,,,,,,,,,,,,,,,,,,,,,,,,,,,,,,,,,,,,,,,,,,,,,,,,,,,,,,,,,,,,,,,,
,,,,,,,,,,,,,,,,,,,,,,,,,,,,,,,,,,,,,,,,,,,,,,,,,,,,,,,,,,,,,,,,,,,,,,,,,,,,,,,,,,,,,,,,,,,,,,,,,,,,
Generation,9,,,,,,,,,,,,,,,,,,,,,,,,,,,,,,,,,,,,,,,,,,,,,,,,,,,,,,,,,,,,,,,,,,,,,,,,,,,,,,,,,,,,,,,,,,,,,,,,,,,
ACTIONS,,,,,,,,,,,,,,,,,,,,,,,,,,,,,,,,,,,,,,,,,,,,,,,,,,,,,,,,,,,,,,,,,,,,,,,,,,,,,,,,,,,,,,,,,,,,,,,,,,,,
ACTIONS,0.5,,,,,,,,,,,,,,,,,,,,,,,,,,,,,,,,,,,,,,,,,,,,,,,,,,,,,,,,,,,,,,,,,,,,,,,,,,,,,,,,,,,,,,,,,,,,,,,,,,,
ACTIONS,0.6,0.7,0.5,0.5,,,,,,,,,,,,,,,,,,,,,,,,,,,,,,,,,,,,,,,,,,,,,,,,,,,,,,,,,,,,,,,,,,,,,,,,,,,,,,,,,,,,,,,,,,,,,,,,
ACTIONS,0.5,0.6,0.7,0.8,0.9,0.5,0.5,0.5,0.4,0.09999996,0.5,0.6,0.6,0.7,0.6,0.7,0.5,0.5,0.5,0.5,0,0.2,,,,,,,,,,,,,,,,,,,,,,,,,,,,,,,,,,,,,,,,,,,,,,,,,,,,,,,,,,,,,,,,,,,,,,,,,,,,,,
ACTIONS,0.5,0.6,,,,,,,,,,,,,,,,,,,,,,,,,,,,,,,,,,,,,,,,,,,,,,,,,,,,,,,,,,,,,,,,,,,,,,,,,,,,,,,,,,,,,,,,,,,,,,,,,,
ACTIONS,0.5,0.6,0.7,0.8,0.9,0.5,0.5,0.5,0.5,0.09999999,0.3,0.5,,,,,,,,,,,,,,,,,,,,,,,,,,,,,,,,,,,,,,,,,,,,,,,,,,,,,,,,,,,,,,,,,,,,,,,,,,,,,,,,,,,,,,,,
ACTIONS,,,,,,,,,,,,,,,,,,,,,,,,,,,,,,,,,,,,,,,,,,,,,,,,,,,,,,,,,,,,,,,,,,,,,,,,,,,,,,,,,,,,,,,,,,,,,,,,,,,,
ACTIONS,0.6,0.7,0.8,0.75,0.5,0.5,0.5,0.5,0.5,0,0.2,0.5,0.5,0.7,0.6,0.5,,,,,,,,,,,,,,,,,,,,,,,,,,,,,,,,,,,,,,,,,,,,,,,,,,,,,,,,,,,,,,,,,,,,,,,,,,,,,,,,,,,,
ACTIONS,0.5,0.5,0.5,0.5,0.5,0.5,0.5,0.5,0.5,0.5,0.5,0.5,0.5,0.5,0.5,0.5,0.6,,,,,,,,,,,,,,,,,,,,,,,,,,,,,,,,,,,,,,,,,,,,,,,,,,,,,,,,,,,,,,,,,,,,,,,,,,,,,,,,,,,
ACTIONS,0.6,0.7,0.8,0.9,0.5,0.5,0.5,0.5,0.5,0,0.5,0.5,0.8,0.7,0.6,0.65,0.5,0.5,0.7,0.4,0.1,0.3,0.5,0.5,0.5,0.4,0.09999996,0.3,0.5,0.5,0.5,0.4,0.3,0.4,0.5,,,,,,,,,,,,,,,,,,,,,,,,,,,,,,,,,,,,,,,,,,,,,,,,,,,,,,,,,,,,,,,,,
,,,,,,,,,,,,,,,,,,,,,,,,,,,,,,,,,,,,,,,,,,,,,,,,,,,,,,,,,,,,,,,,,,,,,,,,,,,,,,,,,,,,,,,,,,,,,,,,,,,,
,,,,,,,,,,,,,,,,,,,,,,,,,,,,,,,,,,,,,,,,,,,,,,,,,,,,,,,,,,,,,,,,,,,,,,,,,,,,,,,,,,,,,,,,,,,,,,,,,,,,
Generation,10,,,,,,,,,,,,,,,,,,,,,,,,,,,,,,,,,,,,,,,,,,,,,,,,,,,,,,,,,,,,,,,,,,,,,,,,,,,,,,,,,,,,,,,,,,,,,,,,,,,
ACTIONS,0.5,0.6,0.7,0.8,0.9,1,0.9,0.5,,,,,,,,,,,,,,,,,,,,,,,,,,,,,,,,,,,,,,,,,,,,,,,,,,,,,,,,,,,,,,,,,,,,,,,,,,,,,,,,,,,,,,,,,,,,
ACTIONS,,,,,,,,,,,,,,,,,,,,,,,,,,,,,,,,,,,,,,,,,,,,,,,,,,,,,,,,,,,,,,,,,,,,,,,,,,,,,,,,,,,,,,,,,,,,,,,,,,,,
ACTIONS,0.6,0.5,0.5,,,,,,,,,,,,,,,,,,,,,,,,,,,,,,,,,,,,,,,,,,,,,,,,,,,,,,,,,,,,,,,,,,,,,,,,,,,,,,,,,,,,,,,,,,,,,,,,,
ACTIONS,0.5,0.6,0.7,0.8,0.9,1,0.9,0.7,0.6,0.5,0.5,0.5,0.5,0.5,0.5,0.3,0.3,0.4,0.5,,,,,,,,,,,,,,,,,,,,,,,,,,,,,,,,,,,,,,,,,,,,,,,,,,,,,,,,,,,,,,,,,,,,,,,,,,,,,,,,,
ACTIONS,0.6,0.7,0.7,0.5,0.5,0.5,0.5,0,0.09999996,0.5,0.8,0.9,0.7,0.5,0.5,0.5,0.5,0,0.09999996,0.5,0.5,0.5,0.5,0.4,0.5,0.6,0.5,0.9,0.8,0.5,0.2,0.5,0.5,0.3,0.4,0.3,0.55,,,,,,,,,,,,,,,,,,,,,,,,,,,,,,,,,,,,,,,,,,,,,,,,,,,,,,,,,,,,,,,
ACTIONS,0.6,0.7,0.8,0.5,1,0.7,0.5,0.4,0.5,0.5,0.5,0.5,0.5,0.5,0.5,0.5,0.5,0.6,0.7,0.8,0.5,0.5,0.5,0.5,0.5,0.5,0.5,0.5,0.5,0.5,0.5,0.5,0.5,0.5,0.7,0.6,0.5,0.8,0.7,0.7,0.6,0.7,0.7,0.75,0.5,0.5,0.2,2.98E-08,0,0.35,0.55,0.65,0.75,,,,,,,,,,,,,,,,,,,,,,,,,,,,,,,,,,,,,,,,,,,,,,,
ACTIONS,0.5,0.6,0.7,0.8,1,0.9,0.7,0.5,0.5,0.5,0.5,0.5,0.5,0.09999999,0.5,0.5,0.5,0.6,0.5,0.6,0.5,,,,,,,,,,,,,,,,,,,,,,,,,,,,,,,,,,,,,,,,,,,,,,,,,,,,,,,,,,,,,,,,,,,,,,,,,,,,,,,
ACTIONS,0.6,0.7,0.8,0.9,0.8,0.5,0.5,0.6,0.3,,,,,,,,,,,,,,,,,,,,,,,,,,,,,,,,,,,,,,,,,,,,,,,,,,,,,,,,,,,,,,,,,,,,,,,,,,,,,,,,,,,,,,,,,,,
ACTIONS,0.6,0.7,0.7,0.5,0.5,0.5,0.5,0,0.09999996,0.5,0.5,0.5,0.5,0.5,0.3,0.4,0.5,0.5,0.7,0.6,0.5,0.5,0.5,0.5,0.4,0.3,0.4,0.6,0.7,0.5,0.5,0.5,0.2,0,0.5,,,,,,,,,,,,,,,,,,,,,,,,,,,,,,,,,,,,,,,,,,,,,,,,,,,,,,,,,,,,,,,,,
ACTIONS,0.5,,,,,,,,,,,,,,,,,,,,,,,,,,,,,,,,,,,,,,,,,,,,,,,,,,,,,,,,,,,,,,,,,,,,,,,,,,,,,,,,,,,,,,,,,,,,,,,,,,,
,,,,,,,,,,,,,,,,,,,,,,,,,,,,,,,,,,,,,,,,,,,,,,,,,,,,,,,,,,,,,,,,,,,,,,,,,,,,,,,,,,,,,,,,,,,,,,,,,,,,
,,,,,,,,,,,,,,,,,,,,,,,,,,,,,,,,,,,,,,,,,,,,,,,,,,,,,,,,,,,,,,,,,,,,,,,,,,,,,,,,,,,,,,,,,,,,,,,,,,,,
END Best Candidate,,,,,,,,,,,,,,,,,,,,,,,,,,,,,,,,,,,,,,,,,,,,,,,,,,,,,,,,,,,,,,,,,,,,,,,,,,,,,,,,,,,,,,,,,,,,,,,,,,,,
Agent,0.6,0.7,0.8,0.5,0.5,0.7,0.6,0.5,0.5,0.5,0.5,0.5,0.5,0.5,0.5,0.5,0.5,0.5,0.55,0.5,0.5,0.5,0.3,0.5,0.5,0.5,0.6,0.55,0.65,0.75,0.75,0.8,0.8,0.7,0.6,0.55,0.5,0.5,0.5,0.5,0.5,0.5,0.5,0.5,0.5,0.5,0.5,0.5,0.5,0.5,0.5,0.5,0.5,0.5,0.5,0.5,0.5,0.5,0.5,0.5,0.5,0.5,0.5,0.5,0.5,0,0,0.3,0.5,0.7,0.8,0.9,0.8,0.5,0.45,0.2,0.3,0.5,0.5,0.4,0.4,0.2,0.35,0.55,0.6,0.9,0.8,0.55,0.5,0.4,0.5,0.5,0.5,0.5,0.5,0.4,0.4,0.3,,
Design,0,0.08,0.16,0.24,0.32,0.4,0.48,0.56,0.64,0.72,0.8,0.74,0.68,0.62,0.56,0.5,0.44,0.38,0.32,0.26,0.2,0.22,0.24,0.26,0.28,0.3,0.32,0.34,0.36,0.38,0.4,0.39,0.38,0.37,0.36,0.35,0.34,0.33,0.32,0.31,0.3,0.32,0.34,0.36,0.38,0.4,0.42,0.44,0.46,0.48,0.5,0.49,0.48,0.47,0.46,0.45,0.44,0.43,0.42,0.41,0.4,0.45,0.5,0.55,0.6,0.65,0.7,0.75,0.8,0.85,0.9,0.82,0.74,0.66,0.58,0.5,0.42,0.34,0.26,0.18,0.1,0.14,0.18,0.22,0.26,0.3,0.34,0.38,0.42,0.46,0.5,0.46,0.42,0.38,0.34,0.3,0.26,0.22,0.18,0.14
Generation,11,,,,,,,,,,,,,,,,,,,,,,,,,,,,,,,,,,,,,,,,,,,,,,,,,,,,,,,,,,,,,,,,,,,,,,,,,,,,,,,,,,,,,,,,,,,,,,,,,,,
,,,,,,,,,,,,,,,,,,,,,,,,,,,,,,,,,,,,,,,,,,,,,,,,,,,,,,,,,,,,,,,,,,,,,,,,,,,,,,,,,,,,,,,,,,,,,,,,,,,,
,,,,,,,,,,,,,,,,,,,,,,,,,,,,,,,,,,,,,,,,,,,,,,,,,,,,,,,,,,,,,,,,,,,,,,,,,,,,,,,,,,,,,,,,,,,,,,,,,,,,
,,,,,,,,,,,,,,,,,,,,,,,,,,,,,,,,,,,,,,,,,,,,,,,,,,,,,,,,,,,,,,,,,,,,,,,,,,,,,,,,,,,,,,,,,,,,,,,,,,,,
,,,,,,,,,,,,,,,,,,,,,,,,,,,,,,,,,,,,,,,,,,,,,,,,,,,,,,,,,,,,,,,,,,,,,,,,,,,,,,,,,,,,,,,,,,,,,,,,,,,,
,,,,,,,,,,,,,,,,,,,,,,,,,,,,,,,,,,,,,,,,,,,,,,,,,,,,,,,,,,,,,,,,,,,,,,,,,,,,,,,,,,,,,,,,,,,,,,,,,,,,
,,,,,,,,,,,,,,,,,,,,,,,,,,,,,,,,,,,,,,,,,,,,,,,,,,,,,,,,,,,,,,,,,,,,,,,,,,,,,,,,,,,,,,,,,,,,,,,,,,,,
,,,,,,,,,,,,,,,,,JUMPAMOUNTDIFFERENCE,,,,,,,,,,,,,,,,,,,,,,,,,,,,,,,,,,,,,,,,,,,,,,,,,,,,,,,,,,,,,,,,,,,,,,,,,,,,,,,,,,,
